PartitionKey,RowKey,Timestamp,age,gender,glasses,smile
imageinfo,03d41df7-8d11-45bc-971f-fb80b7671557,2018-02-09T07:11:56.051Z,42.4,male,NoGlasses,0.004
imageinfo,29437f26-4435-4ccc-8b76-bab4f809f744,2018-02-09T07:11:35.721Z,29.0,female,NoGlasses,1.0
imageinfo,3b714310-5b0a-4741-8310-0881398d3b06,2018-02-09T07:11:42.491Z,43.7,male,NoGlasses,0.716
imageinfo,4dc454d7-5fe2-4f3a-8b23-55e5fa85fed2,2018-02-09T07:12:16.439Z,34.6,male,NoGlasses,0.002
imageinfo,502108ad-e6dc-45c3-8fc4-142df1eae213,2018-02-09T07:12:43.483Z,28.1,male,NoGlasses,0.027
imageinfo,903909eb-c998-40bd-8c4e-53a6908ba65e,2018-02-09T07:13:00.614Z,44.8,male,ReadingGlasses,1.0
imageinfo,97bcdcd5-b080-4d87-8a1f-ffbd48bbd29f,2018-02-09T07:12:36.745Z,30.5,male,NoGlasses,0.001
imageinfo,af813b07-148f-4b56-9a37-b3f7981737f6,2018-02-09T07:12:09.701Z,43.4,male,NoGlasses,0.0
imageinfo,c1f226cd-8290-4f43-a145-2a48980afe55,2018-02-09T07:12:30.024Z,19.2,male,NoGlasses,0.406
imageinfo,c6b444d6-df08-48b1-b273-c4601ee2173c,2018-02-09T07:11:49.258Z,35.9,male,NoGlasses,0.0
imageinfo,e3f3d2bc-8b59-4ab8-972f-2536b6f58969,2018-02-09T07:12:23.259Z,32.1,male,NoGlasses,0.539
imageinfo,e81748a8-5ed2-476d-a292-73c866cdb06d,2018-02-09T07:11:28.906Z,50.7,female,NoGlasses,0.974
imageinfo,f4b430ef-adff-4bf2-b2a4-9b62bb01ef3c,2018-02-09T07:12:02.869Z,21.4,male,NoGlasses,0.007
